name,classifier 1,classifier 2,classifier 3
Bagging_tree_decision_10,0.501901139689,0.505705231975,0.630183747349
