,filename,1,2,3
2,Bagging_tree_60,0.271266341,0.391513146,0.853890477
3,Decision_tree.txt,0.426658451,0.460446808,0.635910214
4,firstTryTestSubmission.txt,0.305549012,0.404539951,0.771697491
7,submitsvmsvc.txt,0.272138248,0.303054331,0.91091471
8,test_predictions1.txt,0.921150657,0.845736785,0.918579002
